Title,Release Year,Duration,Certification,Rating,Total Ratings,Director,Description,Genre
1. The Shawshank Redemption,1994,2h 22m,R,9.3, (3M),Frank Darabont,"A banker convicted of uxoricide forms a friendship over a quarter century with a hardened convict, while maintaining his innocence and trying to remain hopeful through simple compassion.","Epic, Period Drama, Prison Drama, Drama"
2. The Godfather,1972,2h 55m,R,9.2, (2.1M),Francis Ford Coppola,The aging patriarch of an organized crime dynasty transfers control of his clandestine empire to his reluctant son.,"Epic, Gangster, Tragedy, Crime, Drama"
3. The Dark Knight,2008,2h 32m,PG-13,9.0, (3M),Christopher Nolan,"When a menace known as the Joker wreaks havoc and chaos on the people of Gotham, Batman, James Gordon and Harvey Dent must work together to put an end to the madness.","Action Epic, Epic, Superhero, Tragedy, Action, Crime, Drama, Thriller"
4. The Godfather Part II,1974,3h 22m,R,9.0, (1.4M),Francis Ford Coppola,"The early life and career of Vito Corleone in 1920s New York City is portrayed, while his son, Michael, expands and tightens his grip on the family crime syndicate.","Epic, Gangster, Tragedy, Crime, Drama"
5. 12 Angry Men,1957,1h 36m,Approved,9.0, (920K),Sidney Lumet,The jury in a New York City murder trial is frustrated by a single member whose skeptical caution forces them to more carefully consider the evidence before jumping to a hasty verdict.,"Legal Drama, Psychological Drama, Crime, Drama"
6. The Lord of the Rings: The Return of the King,2003,3h 21m,PG-13,9.0, (2.1M),Peter Jackson,Gandalf and Aragorn lead the World of Men against Sauron's army to draw his gaze from Frodo and Sam as they approach Mount Doom with the One Ring.,"Action Epic, Adventure Epic, Epic, Fantasy Epic, Mountain Adventure, Quest, Sword & Sorcery, Tragedy, Adventure, Drama"
7. Schindler's List,1993,3h 15m,R,9.0, (1.5M),Steven Spielberg,"In German-occupied Poland during World War II, industrialist Oskar Schindler gradually becomes concerned for his Jewish workforce after witnessing their persecution by the Nazis.","Docudrama, Epic, Historical Epic, Period Drama, Prison Drama, Tragedy, Biography, Drama, History"
8. Pulp Fiction,1994,2h 34m,R,8.9, (2.3M),Quentin Tarantino,"The lives of two mob hitmen, a boxer, a gangster and his wife, and a pair of diner bandits intertwine in four tales of violence and redemption.","Dark Comedy, Drug Crime, Gangster, Crime, Drama"
9. The Lord of the Rings: The Fellowship of the Ring,2001,2h 58m,PG-13,8.9, (2.1M),Peter Jackson,A meek Hobbit from the Shire and eight companions set out on a journey to destroy the powerful One Ring and save Middle-earth from the Dark Lord Sauron.,"Action Epic, Adventure Epic, Dark Fantasy, Epic, Fantasy Epic, Quest, Sword & Sorcery, Adventure, Drama, Fantasy"
"10. The Good, the Bad and the Ugly",1966,2h 58m,R,8.8, (849K),Sergio Leone,A bounty-hunting scam joins two men in an uneasy alliance against a third in a race to find a fortune in gold buried in a remote cemetery.,"Adventure Epic, Dark Comedy, Desert Adventure, Epic, Period Drama, Quest, Spaghetti Western, Western Epic, Adventure, Western"
11. Forrest Gump,1994,2h 22m,PG-13,8.8, (2.4M),Robert Zemeckis,"The history of the United States from the 1950s to the '70s unfolds from the perspective of an Alabama man with an IQ of 75, who yearns to be reunited with his childhood sweetheart.","Epic, Drama, Romance"
12. The Lord of the Rings: The Two Towers,2002,2h 59m,PG-13,8.8, (1.9M),Peter Jackson,"While Frodo and Sam edge closer to Mordor with the help of the shifty Gollum, the divided fellowship makes a stand against Sauron's new ally, Saruman, and his hordes of Isengard.","Action Epic, Adventure Epic, Dark Fantasy, Epic, Fantasy Epic, Quest, Sword & Sorcery, Adventure, Drama, Fantasy"
13. Fight Club,1999,2h 19m,R,8.8, (2.4M),David Fincher,An insomniac office worker and a devil-may-care soap maker form an underground fight club that evolves into much more.,"Psychological Drama, Psychological Thriller, Workplace Drama, Crime, Drama, Thriller"
14. Inception,2010,2h 28m,PG-13,8.8, (2.7M),Christopher Nolan,"A thief who steals corporate secrets through the use of dream-sharing technology is given the inverse task of planting an idea into the mind of a C.E.O., but his tragic past may doom the project and his team to disaster.","Action Epic, Adventure Epic, Epic, Psychological Thriller, Sci-Fi Epic, Action, Adventure, Sci-Fi, Thriller"
15. Star Wars: Episode V - The Empire Strikes Back,1980,2h 4m,PG,8.7, (1.4M),Irvin Kershner,"After the Empire overpowers the Rebel Alliance, Luke Skywalker begins training with Jedi Master Yoda, while Darth Vader and bounty hunter Boba Fett pursue his friends across the galaxy.","Action Epic, Adventure Epic, Dark Fantasy, Epic, Fantasy Epic, Globetrotting Adventure, Quest, Sci-Fi Epic, Space Sci-Fi, Sword & Sorcery"
16. The Matrix,1999,2h 16m,R,8.7, (2.1M),Lana Wachowski,"When a beautiful stranger leads computer hacker Neo to a forbidding underworld, he discovers the shocking truth--the life he knows is the elaborate deception of an evil cyber-intelligence.","Action Epic, Artificial Intelligence, Cyberpunk, Dystopian Sci-Fi, Gun Fu, Martial Arts, Sci-Fi Epic, Action, Sci-Fi"
17. Goodfellas,1990,2h 25m,R,8.7, (1.3M),Martin Scorsese,"The story of Henry Hill and his life in the mafia, covering his relationship with his wife Karen and his mob partners Jimmy Conway and Tommy DeVito.","Docudrama, Gangster, True Crime, Biography, Crime, Drama"
18. One Flew Over the Cuckoo's Nest,1975,2h 13m,R,8.7, (1.1M),Milos Forman,"In the Fall of 1963, a Korean War veteran and criminal pleads insanity and is admitted to a mental institution, where he rallies up the scared patients against the tyrannical nurse.","Medical Drama, Psychological Drama, Drama"
19. Interstellar,2014,2h 49m,PG-13,8.7, (2.3M),Christopher Nolan,"When Earth becomes uninhabitable in the future, a farmer and ex-NASA pilot, Joseph Cooper, is tasked to pilot a spacecraft, along with a team of researchers, to find a new planet for humans.","Adventure Epic, Epic, Quest, Sci-Fi Epic, Space Sci-Fi, Time Travel, Adventure, Drama, Sci-Fi"
20. Se7en,1995,2h 7m,R,8.6, (1.9M),David Fincher,"Two detectives, a rookie and a veteran, hunt a serial killer who uses the seven deadly sins as his motives.","Cop Drama, Hard-boiled Detective, Legal Drama, Police Procedural, Psychological Drama, Psychological Thriller, Serial Killer, Crime, Drama, Mystery"
21. It's a Wonderful Life,1946,2h 10m,PG,8.6, (526K),Frank Capra,An angel is sent from Heaven to help a desperately frustrated businessman by showing him what life would have been like if he had never existed.,"Feel-Good Romance, Holiday Family, Holiday Romance, Psychological Drama, Supernatural Fantasy, Drama, Family, Fantasy, Holiday, Romance"
22. The Silence of the Lambs,1991,1h 58m,R,8.6, (1.6M),Jonathan Demme,"A young F.B.I. cadet must receive the help of an incarcerated and manipulative cannibal killer to help catch another serial killer, a madman who skins his victims.","Police Procedural, Psychological Drama, Psychological Horror, Psychological Thriller, Serial Killer, Slasher Horror, Crime, Drama, Horror, Thriller"
23. Seven Samurai,1954,3h 27m,Not Rated,8.6, (382K),Akira Kurosawa,"Farmers from a village exploited by bandits hire a veteran samurai for protection, and he gathers six other samurai to join him.","Action Epic, Epic, Period Drama, Samurai, Action, Drama"
24. Saving Private Ryan,1998,2h 49m,R,8.6, (1.6M),Steven Spielberg,"Following the Normandy Landings, a group of U.S. soldiers go behind enemy lines to retrieve a paratrooper whose brothers have been killed in action.","Epic, Period Drama, War Epic, Drama, War"
25. City of God,2002,2h 10m,R,8.6, (834K),Fernando Meirelles,"In the slums of Rio, two kids' paths diverge as one struggles to become a photographer and the other a kingpin.","Caper, Coming-of-Age, Gangster, Crime, Drama"
26. The Green Mile,1999,3h 9m,R,8.6, (1.5M),Frank Darabont,A death row guard learns that a gentle giant in his charge possesses a mysterious gift.,"Period Drama, Prison Drama, Supernatural Fantasy, Tragedy, Crime, Drama, Fantasy, Mystery"
27. Life Is Beautiful,1997,1h 56m,PG-13,8.6, (775K),Roberto Benigni,"When an open-minded Jewish waiter and his son become victims of the Holocaust, he uses a perfect mixture of will, humor and imagination to protect his son from the dangers around their camp.","Period Drama, Romantic Comedy, Tragedy, Tragic Romance, Comedy, Drama, Romance, War"
28. Terminator 2: Judgment Day,1991,2h 17m,R,8.6, (1.2M),James Cameron,"A cyborg, identical to the one who failed to kill Sarah Connor, must now protect her ten year old son John from an even more advanced and powerful cyborg.","Action Epic, Artificial Intelligence, Cyberpunk, Dystopian Sci-Fi, Sci-Fi Epic, Time Travel, Action, Adventure, Sci-Fi"
29. Star Wars: Episode IV - A New Hope,1977,2h 1m,PG,8.6, (1.5M),George Lucas,"Luke Skywalker joins forces with a Jedi Knight, a cocky pilot, a Wookiee and two droids to save the galaxy from the Empire's world-destroying battle station, while also attempting to rescue Princess Leia from the mysterious Darth Vader.","Action Epic, Adventure Epic, Epic, Fantasy Epic, Quest, Sci-Fi Epic, Space Sci-Fi, Sword & Sorcery, Action, Adventure"
30. Back to the Future,1985,1h 56m,PG,8.5, (1.4M),Robert Zemeckis,"Marty McFly, a 17-year-old high school student, is accidentally sent 30 years into the past in a time-traveling DeLorean invented by his close friend, the maverick scientist Doc Brown.","High-Concept Comedy, Teen Adventure, Teen Comedy, Time Travel, Urban Adventure, Adventure, Comedy, Sci-Fi"
31. Spirited Away,2001,2h 4m,PG,8.6, (904K),Hayao Miyazaki,"During her family's move to the suburbs, a sullen 10-year-old girl wanders into a world ruled by gods, witches and spirits, and where humans are changed into beasts.","Anime, Coming-of-Age, Fairy Tale, Hand-Drawn Animation, Quest, Supernatural Fantasy, Adventure, Animation, Family, Fantasy"
32. The Pianist,2002,2h 30m,R,8.5, (963K),Roman Polanski,"During WWII, acclaimed Polish musician Wladyslaw faces various struggles as he loses contact with his family. As the situation worsens, he hides in the ruins of Warsaw in order to survive.","Docudrama, Epic, Period Drama, Tragedy, War Epic, Biography, Drama, Music, War"
33. Gladiator,2000,2h 35m,R,8.5, (1.7M),Ridley Scott,A former Roman General sets out to exact vengeance against the corrupt emperor who murdered his family and sent him into slavery.,"Action Epic, Adventure Epic, Epic, Period Drama, Sword & Sandal, Action, Adventure, Drama"
34. Parasite,2019,2h 12m,R,8.5, (1.1M),Bong Joon Ho,Greed and class discrimination threaten the newly formed symbiotic relationship between the wealthy Park family and the destitute Kim clan.,"Dark Comedy, Korean Drama, Psychological Thriller, Tragedy, Drama, Thriller"
35. Psycho,1960,1h 49m,R,8.5, (749K),Alfred Hitchcock,A secretary on the run for embezzlement takes refuge at a secluded California motel owned by a repressed man and his overbearing mother.,"Dark Comedy, Psychological Horror, Psychological Thriller, Slasher Horror, Suspense Mystery, Drama, Horror, Mystery, Thriller"
36. The Lion King,1994,1h 28m,G,8.5, (1.2M),Roger Allers,"Lion prince Simba and his father are targeted by his bitter uncle, who wants to ascend the throne himself.","Animal Adventure, Coming-of-Age, Hand-Drawn Animation, Jungle Adventure, Adventure, Animation, Drama, Family, Fantasy, Musical"
37. Grave of the Fireflies,1988,1h 28m,Not Rated,8.5, (345K),Isao Takahata,A young boy and his little sister struggle to survive in Japan during World War II.,"Adult Animation, Anime, Hand-Drawn Animation, Period Drama, Animation, Drama, War"
38. The Departed,2006,2h 31m,R,8.5, (1.5M),Martin Scorsese,An undercover cop and a mole in the police attempt to identify each other while infiltrating an Irish gang in South Boston.,"Cop Drama, Epic, Gangster, Crime, Drama, Thriller"
39. Whiplash,2014,1h 46m,R,8.5, (1.1M),Damien Chazelle,A promising young drummer enrolls at a cut-throat music conservatory where his dreams of greatness are mentored by an instructor who will stop at nothing to realize a student's potential.,"Psychological Drama, Drama, Music"
40. Harakiri,1962,2h 13m,Not Rated,8.6, (79K),Masaki Kobayashi,"When a ronin requesting seppuku at a feudal lord's palace is told of the brutal suicide of another ronin who previously visited, he reveals how their pasts are intertwined - and in doing so challenges the clan's integrity.","Period Drama, Drama, Mystery"
41. American History X,1998,1h 59m,R,8.5, (1.2M),Tony Kaye,"Living a life marked by violence, neo-Nazi Derek finally goes to prison after killing two black youths. Upon his release, Derek vows to change; he hopes to prevent his brother, Danny, who idolizes Derek, from following in his footsteps.","Prison Drama, Tragedy, Crime, Drama"
42. The Prestige,2006,2h 10m,PG-13,8.5, (1.5M),Christopher Nolan,Rival 19th-century magicians engage in a bitter battle for trade secrets.,"Period Drama, Steampunk, Tragedy, Drama, Mystery, Sci-Fi, Thriller"
43. Léon: The Professional,1994,1h 50m,R,8.5, (1.3M),Luc Besson,An Italian hit man protects a New York orphan.,"Gangster, One-Person Army Action, Action, Crime, Drama, Thriller"
44. Spider-Man: Across the Spider-Verse,2023,2h 20m,PG,8.5, (446K),Joaquim Dos Santos,"Traveling across the multiverse, Miles Morales meets a new team of Spider-People, made up of heroes from different dimensions. But when the heroes clash over how to deal with a new threat, Miles finds himself at a crossroads.","Computer Animation, Superhero, Supernatural Fantasy, Teen Adventure, Urban Adventure, Action, Adventure, Animation, Family, Fantasy"
45. Casablanca,1942,1h 42m,PG,8.5, (629K),Michael Curtiz,A cynical expatriate American cafe owner struggles to decide whether or not to help his former lover and her fugitive husband escape the Nazis in French Morocco.,"Period Drama, Psychological Drama, Drama, Romance, War"
46. The Usual Suspects,1995,1h 46m,R,8.5, (1.2M),Bryan Singer,The sole survivor of a pier shoot-out tells the story of how a notorious criminal influenced the events that began with five criminals meeting in a seemingly random police lineup.,"Caper, Gangster, Heist, Psychological Drama, Psychological Thriller, Suspense Mystery, Whodunnit, Crime, Drama, Mystery"
47. The Intouchables,2011,1h 52m,R,8.5, (973K),Olivier Nakache,"After he becomes a quadriplegic from a paragliding accident, an aristocrat hires a young man from the projects to be his caregiver.","Docudrama, Comedy, Drama"
48. Cinema Paradiso,1988,2h 54m,PG,8.5, (300K),Giuseppe Tornatore,"Salvatore, a famous film director, returns to his hometown for the funeral of the local theater's film projectionist, Alfredo. He reminisces about his life as a young boy falling in love with cinema.","Coming-of-Age, Drama, Romance"
49. Modern Times,1936,1h 27m,G,8.5, (272K),Charles Chaplin,The Tramp struggles to live in modern industrial society with the help of a young homeless woman.,"Romantic Comedy, Satire, Slapstick, Comedy, Drama, Romance"
50. Alien,1979,1h 57m,R,8.5, (1M),Ridley Scott,"After investigating a mysterious transmission of unknown origin, the crew of a commercial spacecraft encounters a deadly lifeform.","Alien Invasion, Cyberpunk, Monster Horror, Space Sci-Fi, Horror, Sci-Fi"
51. Rear Window,1954,1h 52m,PG,8.5, (544K),Alfred Hitchcock,A bored photographer recovering from a broken leg passes the time by watching his neighbors and begins to suspect one of them of murder.,"Psychological Thriller, Suspense Mystery, Drama, Mystery, Thriller"
52. Once Upon a Time in the West,1968,2h 46m,PG-13,8.5, (366K),Sergio Leone,A mysterious stranger with a harmonica joins forces with a notorious desperado to protect a beautiful widow from a ruthless assassin working for the railroad.,"Desert Adventure, Epic, Spaghetti Western, Western Epic, Drama, Western"
53. Django Unchained,2012,2h 45m,R,8.5, (1.8M),Quentin Tarantino,"With the help of a German bounty-hunter, a freed slave sets out to rescue his wife from a brutal plantation owner in Mississippi.","Dark Comedy, Epic, One-Person Army Action, Period Drama, Western Epic, Western"
54. City Lights,1931,1h 27m,G,8.5, (206K),Not Found,Not Found,
55. Apocalypse Now,1979,2h 27m,R,8.4, (739K),Francis Ford Coppola,A U.S. Army officer serving in Vietnam is tasked with assassinating a renegade Special Forces Colonel who sees himself as a god.,"Adventure Epic, Epic, Hard-boiled Detective, Psychological Drama, Quest, Suspense Mystery, War Epic, Drama, Mystery, War"
56. Dune: Part Two,2024,2h 46m,PG-13,8.5, (619K),Denis Villeneuve,"Paul Atreides unites with the Fremen while on a warpath of revenge against the conspirators who destroyed his family. Facing a choice between the love of his life and the fate of the universe, he endeavors to prevent a terrible future.","Action Epic, Desert Adventure, Epic, Sci-Fi Epic, Space Sci-Fi, Action, Adventure, Drama, Sci-Fi"
57. Memento,2000,1h 53m,R,8.4, (1.4M),Christopher Nolan,"Leonard Shelby, an insurance investigator, suffers from anterograde amnesia and uses notes and tattoos to hunt for the man he thinks killed his wife, which is the last thing he remembers.","Psychological Thriller, Suspense Mystery, Mystery, Thriller"
58. WALL·E,2008,1h 38m,G,8.4, (1.3M),Andrew Stanton,"A robot who is responsible for cleaning a waste-covered Earth meets another robot and falls in love with her. Together, they set out on a journey that will alter the fate of mankind.","Adventure Epic, Artificial Intelligence, Computer Animation, Dystopian Sci-Fi, Space Sci-Fi, Adventure, Animation, Family, Sci-Fi"
59. Raiders of the Lost Ark,1981,1h 55m,PG,8.4, (1.1M),Steven Spielberg,"In 1936, archaeologists and adventurers of the U.S. government hired Indiana Jones to find the Ark of the Covenant before the Nazis could obtain its extraordinary powers.","Adventure Epic, Desert Adventure, Globetrotting Adventure, Quest, Action, Adventure"
60. The Lives of Others,2006,2h 17m,R,8.4, (426K),Florian Henckel von Donnersmarck,"In 1984 East Berlin, an agent of the secret police conducting surveillance on a writer and his lover finds himself becoming increasingly absorbed by their lives.","Political Thriller, Psychological Drama, Spy, Drama, Mystery, Thriller"
61. Avengers: Infinity War,2018,2h 29m,PG-13,8.4, (1.3M),Anthony Russo,The Avengers and their allies must be willing to sacrifice all in an attempt to defeat the powerful Thanos before his blitz of devastation and ruin puts an end to the universe.,"Space Sci-Fi, Superhero, Action, Adventure, Sci-Fi"
62. Sunset Boulevard,1950,1h 50m,Approved,8.4, (248K),Billy Wilder,A screenwriter develops a dangerous relationship with a faded film star determined to make a triumphant return.,"Dark Comedy, Film Noir, Psychological Drama, Showbiz Drama, Tragedy, Drama"
63. Spider-Man: Into the Spider-Verse,2018,1h 57m,PG,8.4, (724K),Bob Persichetti,Teen Miles Morales becomes the Spider-Man of his universe and must join with five spider-powered individuals from other dimensions to stop a threat for all realities.,"Computer Animation, Superhero, Supernatural Fantasy, Teen Adventure, Teen Comedy, Urban Adventure, Action, Adventure, Animation, Comedy"
64. Paths of Glory,1957,1h 28m,Approved,8.4, (225K),Stanley Kubrick,A colonel defends three of his soldiers in a court-martial after they abandon a suicidal attack.,"Epic, Psychological Drama, War Epic, Drama, War"
65. Witness for the Prosecution,1957,1h 56m,Approved,8.4, (149K),Billy Wilder,A veteran British barrister must defend his client in a murder trial that has surprise after surprise.,"Legal Drama, Legal Thriller, Whodunnit, Crime, Drama, Mystery, Thriller"
66. The Shining,1980,2h 26m,R,8.4, (1.2M),Stanley Kubrick,"A family heads to an isolated hotel for the winter, where a sinister presence influences the father into violence. At the same time, his psychic son sees horrifying forebodings from both the past and the future.","Dark Comedy, Psychological Drama, Psychological Horror, Supernatural Horror, Drama, Horror"
67. The Great Dictator,1940,2h 5m,G,8.4, (248K),Charles Chaplin,Dictator Adenoid Hynkel tries to expand his empire while a poor Jewish barber tries to avoid persecution from Hynkel's regime.,"Parody, Satire, Slapstick, Comedy, Drama, War"
68. 12th Fail,2023,2h 27m,Not Found,8.8, (145K),Vidhu Vinod Chopra,The real-life story of IPS Officer Manoj Kumar Sharma and IRS Officer Shraddha Joshi.,"Docudrama, Biography, Drama"
69. Aliens,1986,2h 17m,R,8.4, (806K),James Cameron,"Decades after surviving the Nostromo incident, Ellen Ripley is sent out to re-establish contact with a terraforming colony but finds herself battling the Alien Queen and her offspring.","Alien Invasion, Cyberpunk, Monster Horror, Space Sci-Fi, Survival, Tragedy, Action, Adventure, Horror, Sci-Fi"
70. Inglourious Basterds,2009,2h 33m,R,8.4, (1.7M),Quentin Tarantino,"In Nazi-occupied France during World War II, a plan to assassinate Nazi leaders by a group of Jewish U.S. soldiers coincides with a theatre owner's vengeful plans for the same.","Dark Comedy, Period Drama, Adventure, Drama, War"
71. The Dark Knight Rises,2012,2h 44m,PG-13,8.4, (1.9M),Christopher Nolan,"Bane, an imposing terrorist, attacks Gotham City and disrupts its eight-year-long period of peace. This forces Bruce Wayne to come out of hiding and don the cape and cowl of Batman again.","Action Epic, Epic, Superhero, Action, Crime, Drama, Thriller"
72. Coco,2017,1h 45m,PG,8.4, (645K),Lee Unkrich,"Aspiring musician Miguel, confronted with his family's ancestral ban on music, enters the Land of the Dead to find his great-great-grandfather, a legendary singer.","Computer Animation, Supernatural Fantasy, Adventure, Animation, Drama, Family, Fantasy, Music, Mystery"
73. Amadeus,1984,2h 40m,PG,8.4, (447K),Milos Forman,"The life, success and troubles of Wolfgang Amadeus Mozart, as told by Antonio Salieri, the contemporaneous composer who was deeply jealous of Mozart's talent and claimed to have murdered him.","Costume Drama, Epic, Period Drama, Tragedy, Biography, Drama, Music"
74. Toy Story,1995,1h 21m,G,8.3, (1.1M),John Lasseter,A cowboy doll is profoundly threatened and jealous when a new spaceman action figure supplants him as top toy in a boy's bedroom.,"Buddy Comedy, Computer Animation, Supernatural Fantasy, Urban Adventure, Adventure, Animation, Comedy, Family, Fantasy"
75. Avengers: Endgame,2019,3h 1m,PG-13,8.4, (1.3M),Anthony Russo,"After the devastating events of Avengers: Infinity War (2018), the universe is in ruins. With the help of remaining allies, the Avengers assemble once more in order to reverse Thanos' actions and restore balance to the universe.","Space Sci-Fi, Superhero, Time Travel, Tragedy, Action, Adventure, Sci-Fi"
76. Good Will Hunting,1997,2h 6m,R,8.3, (1.1M),Gus Van Sant,"Will Hunting, a janitor at MIT, has a gift for mathematics, but needs help from a psychologist to find direction in his life.","Coming-of-Age, Psychological Drama, Drama, Romance"
77. Oldboy,2003,2h,R,8.3, (675K),Park Chan-wook,"After being kidnapped and imprisoned for fifteen years, Oh Dae-Su is released, only to find that he must track down his captor in five days.","Dark Comedy, One-Person Army Action, Psychological Drama, Psychological Thriller, Action, Drama, Mystery, Thriller"
78. Dr. Strangelove or: How I Learned to Stop Worrying and Love the Bomb,1964,1h 35m,PG,8.3, (536K),Stanley Kubrick,"A mentally unstable American general orders a hydrogen bomb attack on the Soviet Union, triggering a path to global nuclear holocaust that a war room full of politicians and generals frantically tries to stop.","Dark Comedy, Farce, Political Drama, Satire, Tragedy, Comedy, War"
79. American Beauty,1999,2h 2m,R,8.3, (1.2M),Sam Mendes,A sexually frustrated suburban father has a mid-life crisis after becoming infatuated with his daughter's best friend.,"Psychological Drama, Tragedy, Drama"
80. Das Boot,1981,2h 29m,Not Found,8.4, (278K),Wolfgang Petersen,A German U-boat stalks the frigid waters of the North Atlantic as its young crew experience the sheer terror and claustrophobic life of a submariner in World War II.,"Epic, War Epic, Drama, War"
81. Braveheart,1995,2h 58m,R,8.3, (1.1M),Mel Gibson,Scottish warrior William Wallace leads his countrymen in a rebellion to free his homeland from the tyranny of King Edward I of England.,"Action Epic, Costume Drama, Epic, Period Drama, War Epic, Biography, Drama, War"
82. Princess Mononoke,1997,2h 13m,PG-13,8.3, (457K),Hayao Miyazaki,"While seeking to cure himself of a curse, young warrior Ashitaka stumbles into a conflict between the people of Iron Town and Princess Mononoke, a girl raised by wolves, who will stop at nothing to prevent the destruction of her home.","Action Epic, Adult Animation, Adventure Epic, Anime, Dark Fantasy, Fantasy Epic, Hand-Drawn Animation, Quest, Adventure, Animation"
83. Your Name.,2016,1h 46m,Not Found,8.4, (353K),Makoto Shinkai,"Two teenagers share a profound, magical connection upon discovering they are swapping bodies. Things manage to become even more complicated when the boy and girl decide to meet in person.","Anime, Shōjo, Animation, Drama, Fantasy, Romance"
84. High and Low,1963,2h 23m,Not Rated,8.4, (59K),Akira Kurosawa,An executive of a Yokohama shoe company becomes a victim of extortion when his chauffeur's son is kidnapped by mistake and held for ransom.,"Police Procedural, Crime, Drama, Mystery, Thriller"
85. 3 Idiots,2009,2h 50m,PG-13,8.4, (456K),Rajkumar Hirani,"Two friends are searching for their long lost companion. They revisit their college days and recall the memories of their friend who inspired them to think differently, even as the rest of the world called them ""idiots"".","Buddy Comedy, Coming-of-Age, Quirky Comedy, Comedy, Drama"
86. Joker,2019,2h 2m,R,8.3, (1.6M),Todd Phillips,"Arthur Fleck, a party clown and a failed stand-up comedian, leads an impoverished life with his ailing mother. However, when society shuns him and brands him as a freak, he decides to embrace the life of chaos in Gotham City.","Psychological Drama, Psychological Thriller, Tragedy, Crime, Drama, Thriller"
87. Once Upon a Time in America,1984,3h 49m,R,8.3, (393K),Sergio Leone,"A former Prohibition-era Jewish gangster returns to the Lower East Side of Manhattan 35 years later, where he must once again confront the ghosts and regrets of his old life.","Dark Comedy, Epic, Gangster, Period Drama, Crime, Drama"
88. Capernaum,2018,2h 6m,R,8.4, (115K),Nadine Labaki,"While serving a five-year sentence for a violent crime, a 12-year-old boy sues his parents for neglect.","Coming-of-Age, Legal Drama, Drama"
89. Singin' in the Rain,1952,1h 43m,G,8.3, (271K),Stanley Donen,A silent film star falls for a chorus girl just as he and his delusionally jealous screen partner are trying to make the difficult transition to talking pictures in 1920s Hollywood.,"Classic Musical, Feel-Good Romance, Jukebox Musical, Romantic Comedy, Satire, Comedy, Musical, Romance"
90. Come and See,1985,2h 22m,Not Rated,8.3, (110K),Elem Klimov,"After finding an old rifle, a young boy joins the Soviet resistance movement against ruthless German forces and experiences the horrors of World War II.","Epic, Period Drama, Tragedy, War Epic, Drama, Thriller, War"
91. Requiem for a Dream,2000,1h 42m,NC-17,8.3, (935K),Darren Aronofsky,The drug-induced utopias of four Coney Island people are shattered when their addictions run deep.,"Psychological Drama, Tragedy, Drama"
92. Toy Story 3,2010,1h 43m,G,8.3, (927K),Lee Unkrich,"The toys are mistakenly delivered to a day-care center instead of the attic right before Andy leaves for college, and it's up to Woody to convince the other toys that they weren't abandoned and to return home.","Computer Animation, Supernatural Fantasy, Urban Adventure, Adventure, Animation, Comedy, Family, Fantasy"
93. Star Wars: Episode VI - Return of the Jedi,1983,2h 11m,PG,8.3, (1.2M),Richard Marquand,"After rescuing Han Solo from Jabba the Hutt, the Rebel Alliance attempts to destroy the second Death Star while Luke struggles to help Darth Vader back from the dark side.","Action Epic, Adventure Epic, Dark Fantasy, Epic, Fantasy Epic, Globetrotting Adventure, Quest, Sci-Fi Epic, Space Sci-Fi, Sword & Sorcery"
94. The Hunt,2012,1h 55m,R,8.3, (386K),Thomas Vinterberg,"A teacher lives a lonely life, all the while struggling over his son's custody. His life slowly gets better as he finds love and receives good news from his son, but his new luck is about to be brutally shattered by an innocent little lie.","Psychological Drama, Tragedy, Drama"
95. Ikiru,1952,2h 23m,Not Rated,8.3, (96K),Akira Kurosawa,A bureaucrat tries to find meaning in his life after he discovers he has terminal cancer.,"Psychological Drama, Tragedy, Drama"
96. Eternal Sunshine of the Spotless Mind,2004,1h 48m,R,8.3, (1.1M),Michel Gondry,"When their relationship turns sour, a couple undergoes a medical procedure to have each other erased from their memories forever.","Dark Romance, Psychological Drama, Drama, Romance, Sci-Fi"
97. 2001: A Space Odyssey,1968,2h 29m,G,8.3, (750K),Stanley Kubrick,"When a mysterious artifact is uncovered on the Moon, a spacecraft manned by two humans and one supercomputer is sent to Jupiter to find its origins.","Adventure Epic, Artificial Intelligence, Epic, Psychological Drama, Sci-Fi Epic, Space Sci-Fi, Adventure, Sci-Fi"
98. Reservoir Dogs,1992,1h 39m,R,8.3, (1.1M),Quentin Tarantino,"When a simple jewelry heist goes horribly wrong, the surviving criminals begin to suspect that one of them is a police informant.","Gangster, Heist, Crime, Thriller"
99. The Apartment,1960,2h 5m,Approved,8.3, (208K),Billy Wilder,"A Manhattan insurance clerk tries to rise in his company by letting its executives use his apartment for trysts, but office politics and his own romantic hopes complicate matters.","Farce, Holiday Comedy, Holiday Romance, Romantic Comedy, Comedy, Drama, Holiday, Romance"
100. Incendies,2010,2h 11m,R,8.3, (225K),Denis Villeneuve,Twins journey to the Middle East to discover their family history and fulfill their mother's last wishes.,"Suspense Mystery, Drama, Mystery, War"
101. Lawrence of Arabia,1962,3h 47m,PG,8.3, (328K),David Lean,"The story of T.E. Lawrence, the English officer who successfully united and led the diverse, often warring, Arab tribes during World War I in order to fight the Turks.","Adventure Epic, Desert Adventure, Epic, Tragedy, War Epic, Adventure, Biography, Drama, War"
102. Scarface,1983,2h 50m,R,8.3, (959K),Brian De Palma,"In the 1980s, a determined criminal-minded Cuban immigrant becomes the biggest drug smuggler in Miami, and is eventually undone by his own drug addiction.","Drug Crime, Epic, Gangster, Tragedy, Crime, Drama"
103. Double Indemnity,1944,1h 47m,Approved,8.3, (174K),Billy Wilder,"An insurance representative is seduced by a dissatisfied housewife into a scheme of insurance fraud and murder that arouses the suspicion of his colleague, a claims investigator.","Film Noir, Hard-boiled Detective, Crime, Drama, Mystery, Thriller"
104. North by Northwest,1959,2h 16m,Approved,8.3, (359K),Alfred Hitchcock,"A New York City advertising executive goes on the run after being mistaken for a government agent by a group of foreign spies, and falls for a woman whose loyalties he begins to doubt.","Spy, Adventure, Drama, Mystery, Thriller"
105. Heat,1995,2h 50m,R,8.3, (752K),Michael Mann,A group of high-end professional thieves start to feel the heat from the LAPD when they unknowingly leave a verbal clue at their latest heist.,"Action Epic, Cop Drama, Epic, Gangster, Heist, Action, Crime, Drama"
106. Citizen Kane,1941,1h 59m,PG,8.3, (480K),Orson Welles,"Following the death of publishing tycoon Charles Foster Kane, reporters scramble to uncover the meaning of his final utterance: 'Rosebud.'","Epic, Period Drama, Tragedy, Drama, Mystery"
107. Up,2009,1h 36m,PG,8.3, (1.2M),Pete Docter,"78-year-old Carl Fredricksen travels to South America in his house equipped with balloons, inadvertently taking a young stowaway.","Coming-of-Age, Computer Animation, Globetrotting Adventure, Adventure, Animation, Comedy, Drama, Family"
108. M,1931,1h 39m,Passed,8.3, (176K),Fritz Lang,"When the police in a German city are unable to catch a child-murderer, other criminals join in the manhunt.","Psychological Thriller, Serial Killer, Suspense Mystery, Crime, Mystery, Thriller"
109. Full Metal Jacket,1987,1h 56m,R,8.2, (818K),Stanley Kubrick,A pragmatic U.S. Marine observes the dehumanizing effects the Vietnam War has on his fellow recruits from their brutal boot camp training to the bloody street fighting in Hue.,"Dark Comedy, Period Drama, Drama, War"
110. Vertigo,1958,2h 8m,PG,8.3, (443K),Alfred Hitchcock,"A former San Francisco police detective juggles wrestling with his personal demons and becoming obsessed with the hauntingly beautiful woman he has been hired to trail, who may be deeply disturbed.","Psychological Thriller, Tragedy, Mystery, Romance, Thriller"
111. Amélie,2001,2h 2m,R,8.3, (816K),Jean-Pierre Jeunet,"Despite being caught in her imaginative world, young waitress Amelie decides to help people find happiness. Her quest to spread joy leads her on a journey during which she finds true love.","Feel-Good Romance, Quirky Comedy, Romantic Comedy, Comedy, Romance"
112. A Separation,2011,2h 3m,PG-13,8.3, (268K),Asghar Farhadi,A married couple are faced with a difficult decision - to improve the life of their child by moving to another country or to stay in Iran and look after a deteriorating parent who has Alzheimer's disease.,"Legal Drama, Psychological Drama, Drama"
113. A Clockwork Orange,1971,2h 16m,R,8.2, (908K),Stanley Kubrick,Alex DeLarge and his droogs barbarize a decaying near-future.,"Dark Comedy, Dystopian Sci-Fi, Crime, Sci-Fi"
114. To Kill a Mockingbird,1962,2h 9m,Approved,8.3, (342K),Robert Mulligan,A widowed lawyer in Depression-era Alabama defends a black man against a false rape charge while teaching his young children about the sad reality of prejudice.,"Legal Drama, Period Drama, Crime, Drama"
115. Die Hard,1988,2h 12m,R,8.2, (987K),John McTiernan,A New York City police officer tries to save his estranged wife and several others taken hostage by terrorists during a Christmas party at the Nakatomi Plaza in Los Angeles.,"Disaster, One-Person Army Action, Action, Holiday, Thriller"
116. Like Stars on Earth,2007,2h 42m,PG,8.3, (216K),Aamir Khan,A young boy is thought to be nothing but a lazy troublemaker until the new art teacher has the patience and compassion to discover the real problem behind his struggles in school.,"Drama, Family"
117. The Sting,1973,2h 9m,PG,8.3, (289K),George Roy Hill,Two grifters team up to pull off the ultimate con.,"Caper, Comedy, Crime, Drama"
118. Indiana Jones and the Last Crusade,1989,2h 7m,PG-13,8.2, (835K),Steven Spielberg,"In 1938, after his father goes missing while pursuing the Holy Grail, Indiana Jones finds himself up against the Nazis again to stop them from obtaining its powers.","Adventure Epic, Desert Adventure, Globetrotting Adventure, Quest, Action, Adventure"
119. Oppenheimer,2023,3h,R,8.3, (875K),Christopher Nolan,"A dramatization of the life story of J. Robert Oppenheimer, the physicist who had a large hand in the development of the atomic bombs that brought an end to World War II.","Docudrama, Epic, Historical Epic, Period Drama, Psychological Drama, Biography, Drama, History"
120. Metropolis,1927,2h 33m,Not Rated,8.3, (193K),Fritz Lang,"In a futuristic city sharply divided between the working class and the city planners, the son of the city's mastermind falls in love with a working-class prophet who predicts the coming of a savior to mediate their differences.","Dystopian Sci-Fi, Epic, Sci-Fi Epic, Steampunk, Drama, Sci-Fi"
121. Snatch,2000,1h 42m,R,8.2, (942K),Guy Ritchie,"Unscrupulous boxing promoters, violent bookmakers, a Russian gangster, incompetent amateur robbers and supposedly Jewish jewelers fight to track down a priceless stolen diamond.","Caper, Dark Comedy, Gangster, Comedy, Crime"
122. 1917,2019,1h 59m,R,8.2, (723K),Sam Mendes,"April 6th, 1917. As an infantry battalion assembles to wage war deep in enemy territory, two soldiers are assigned to race against time and deliver a message that will stop 1,600 men from walking straight into a deadly trap.","Epic, Period Drama, War Epic, Action, Drama, War"
123. L.A. Confidential,1997,2h 18m,R,8.2, (639K),Curtis Hanson,"As corruption grows in 1950s Los Angeles, three policemen - one strait-laced, one brutal, and one sleazy - investigate a series of murders with their own brand of justice.","Conspiracy Thriller, Cop Drama, Hard-boiled Detective, Period Drama, Police Procedural, Suspense Mystery, Whodunnit, Crime, Drama, Mystery"
124. Bicycle Thieves,1948,1h 29m,Not Rated,8.2, (184K),Vittorio De Sica,"In post-war Italy, a working-class man's bicycle is stolen, endangering his efforts to find work. He and his son set out to find it.","Tragedy, Drama"
125. Downfall,2004,2h 36m,R,8.2, (387K),Oliver Hirschbiegel,"Traudl Junge, the final secretary for Adolf Hitler, tells of the Nazi dictator's final days in his Berlin bunker at the end of WWII.","Docudrama, Political Drama, Tragedy, Biography, Drama, History, War"
126. Dangal,2016,2h 41m,Not Rated,8.3, (224K),Nitesh Tiwari,"Mahavir Singh Phogat, a former wrestler, decides to fulfill his dream of winning a gold medal for his country by training his daughters for the Commonwealth Games despite the existing social stigmas.","Coming-of-Age, Martial Arts, Action, Biography, Drama, Sport"
127. Taxi Driver,1976,1h 54m,R,8.2, (973K),Martin Scorsese,"A mentally unstable veteran works as a nighttime taxi driver in New York City, where the perceived decadence and sleaze fuels his urge for violent action.","Psychological Drama, Crime, Drama"
128. Hamilton,2020,2h 40m,PG-13,8.3, (126K),Thomas Kail,"The real life of one of America's foremost founding fathers and first Secretary of the Treasury, Alexander Hamilton. Captured live on Broadway from the Richard Rodgers Theater with the original Broadway cast.","Epic, Biography, Drama, History, Musical"
129. The Wolf of Wall Street,2013,3h,R,8.2, (1.7M),Martin Scorsese,"Based on the true story of Jordan Belfort, from his rise to a wealthy stock-broker living the high life to his fall involving crime, corruption and the federal government.","Dark Comedy, Docudrama, Epic, Raunchy Comedy, Satire, True Crime, Biography, Comedy, Crime, Drama"
130. Batman Begins,2005,2h 20m,PG-13,8.2, (1.6M),Christopher Nolan,"After witnessing his parents' death, billionaire Bruce Wayne learns the art of fighting to confront injustice. When he returns to Gotham as Batman, he must stop a secret society that intends to destroy the city.","Action Epic, Epic, Superhero, Tragedy, Action, Crime, Drama, Thriller"
131. Green Book,2018,2h 10m,PG-13,8.2, (630K),Peter Farrelly,A working-class Italian-American bouncer becomes the driver for an African-American classical pianist on a tour of venues through the 1960s American South.,"Docudrama, Period Drama, Road Trip, Biography, Comedy, Drama, Music"
132. For a Few Dollars More,1965,2h 12m,R,8.2, (287K),Sergio Leone,Two bounty killers with similar intentions but different motivations team up to track down a psychotic Mexican outlaw before he and his gang can carry out an audacious bank robbery.,"One-Person Army Action, Spaghetti Western, Drama, Western"
133. Judgment at Nuremberg,1961,2h 59m,Approved,8.3, (91K),Stanley Kramer,"Fictionalized depiction of the 1947 Judges' Trial, the third of twelve trials of Nazi war criminals conducted by the American occupying forces in Nuremberg, Germany, in which former judges of Nazi Germany were tried for their actions.","Legal Drama, Drama, War"
134. The Truman Show,1998,1h 43m,PG,8.2, (1.3M),Peter Weir,An insurance salesman begins to suspect that his whole life is actually some sort of reality TV show.,"Dark Comedy, High-Concept Comedy, Psychological Drama, Satire, Showbiz Drama, Comedy, Drama"
135. Some Like It Hot,1959,2h 1m,Approved,8.2, (294K),Billy Wilder,"After two male musicians witness a mob hit, they flee the state in an all-female band disguised as women, but further complications set in.","Buddy Comedy, Farce, Romantic Comedy, Satire, Screwball Comedy, Comedy, Music, Romance"
136. Shutter Island,2010,2h 18m,R,8.2, (1.5M),Martin Scorsese,Two US marshals are sent to a mental institution on an inhospitable island in order to investigate the disappearance of a patient.,"Psychological Thriller, Suspense Mystery, Drama, Mystery, Thriller"
137. The Kid,1921,1h 8m,Passed,8.2, (141K),Charles Chaplin,"The Tramp cares for an abandoned child, but events put their relationship in jeopardy.","Buddy Comedy, Slapstick, Comedy, Drama, Family"
138. The Father,2020,1h 37m,PG-13,8.2, (211K),Florian Zeller,"A man refuses all assistance from his daughter as he ages. When he tries to understand what is happening around him, he begins to doubt his loved ones, his own mind and even the fabric of his reality.","Psychological Drama, Drama, Mystery"
139. All About Eve,1950,2h 18m,Approved,8.2, (144K),Joseph L. Mankiewicz,A seemingly timid but secretly ruthless ingénue insinuates herself into the lives of an aging Broadway star and her circle of theater friends.,"Showbiz Drama, Drama"
140. There Will Be Blood,2007,2h 38m,R,8.2, (668K),Paul Thomas Anderson,"A story of family, religion, hatred, oil and madness, focusing on a turn-of-the-century prospector in the early days of the business.","Epic, Period Drama, Psychological Drama, Tragedy, Drama"
141. Jurassic Park,1993,2h 7m,PG-13,8.2, (1.1M),Steven Spielberg,"An industrialist invites some experts to visit his theme park of cloned dinosaurs. After a power failure, the creatures run loose, putting everyone's lives, including his grandchildren's, in danger.","Dinosaur Adventure, Jungle Adventure, Action, Adventure, Sci-Fi, Thriller"
142. Casino,1995,2h 58m,R,8.2, (589K),Martin Scorsese,"In Las Vegas, two best friends--a casino executive and a Mafia enforcer--compete for a gambling empire and a fast-living, fast-loving socialite.","Docudrama, Epic, Gangster, True Crime, Crime, Drama"
143. The Sixth Sense,1999,1h 47m,PG-13,8.2, (1.1M),M. Night Shyamalan,"After being shot by a resentful former patient whom he failed to help, a Philadelphia child psychologist seeks redemption by treating a young boy with a disturbing secret.","Psychological Drama, Psychological Thriller, Suspense Mystery, Drama, Mystery, Thriller"
144. Ran,1985,2h 40m,R,8.2, (143K),Akira Kurosawa,"In Medieval Japan, an elderly warlord retires, handing over his empire to his three sons. However, he vastly underestimates how the new-found power will corrupt them and cause them to turn on each other...and him.","Epic, Samurai, Tragedy, War Epic, Action, Drama, War"
145. Top Gun: Maverick,2022,2h 10m,PG-13,8.2, (766K),Joseph Kosinski,"The story involves Maverick confronting his past while training a group of younger Top Gun graduates, including the son of his deceased best friend, for a dangerous mission.","Action Epic, Epic, Action, Drama"
146. No Country for Old Men,2007,2h 2m,R,8.2, (1.1M),Ethan Coen,Violence and mayhem ensue after a hunter stumbles upon the aftermath of a drug deal gone wrong and over two million dollars in cash near the Rio Grande.,"Contemporary Western, Serial Killer, Crime, Drama, Thriller"
147. The Thing,1982,1h 49m,R,8.2, (495K),John Carpenter,A research team in Antarctica is hunted by a shape-shifting alien that assumes the appearance of its victims.,"Alien Invasion, Body Horror, Monster Horror, Supernatural Horror, Tragedy, Horror, Mystery, Sci-Fi"
148. Pan's Labyrinth,2006,1h 58m,R,8.2, (723K),Guillermo del Toro,"In 1944 Spain, a girl is sent to live with her ruthless stepfather. During the night, she meets a fairy who takes her to an old faun. He tells her she's a princess, but must prove her royalty by surviving three gruesome tasks.","Coming-of-Age, Dark Fantasy, Fairy Tale, Period Drama, Supernatural Fantasy, Teen Fantasy, Tragedy, Drama, Fantasy, War"
149. Unforgiven,1992,2h 10m,R,8.2, (453K),Clint Eastwood,Retired Old West gunslinger Will Munny reluctantly takes on one last job to avenge an injustice with the help of his old partner and a newer outlaw known simply as The Schofield Kid.,"Period Drama, Tragedy, Drama, Western"
150. A Beautiful Mind,2001,2h 15m,PG-13,8.2, (1M),Ron Howard,"A mathematical genius, John Nash made an astonishing discovery early in his career and stood on the brink of international acclaim. But the handsome and arrogant Nash soon found himself on a harrowing journey of self-discovery.","Docudrama, Period Drama, Psychological Drama, Biography, Drama, Mystery"
151. Kill Bill: Vol. 1,2003,1h 51m,R,8.2, (1.2M),Quentin Tarantino,"After waking from a four-year coma, a former assassin wreaks vengeance on the team of assassins who betrayed her.","Kung Fu, Martial Arts, One-Person Army Action, Action, Crime, Thriller"
152. The Treasure of the Sierra Madre,1948,2h 6m,Approved,8.2, (137K),John Huston,Two down-on-their-luck Americans searching for work in 1920s Mexico convince an old prospector to help them mine for gold in the Sierra Madre Mountains.,"Tragedy, Adventure, Drama, Western"
153. Prisoners,2013,2h 33m,R,8.2, (865K),Denis Villeneuve,"Keller Dover is facing every parent's worst nightmare. His six-year-old daughter, Anna, is missing, together with her friend, Joy, and as minutes turn to hours, panic sets in. The only lead is an RV that had been parked on their street.","Psychological Thriller, Suspense Mystery, Crime, Drama, Mystery, Thriller"
154. Yojimbo,1961,1h 50m,Not Rated,8.2, (137K),Akira Kurosawa,A crafty ronin comes to a town divided by two criminal gangs and decides to play them against each other to free the town.,"One-Person Army Action, Period Drama, Samurai, Action, Drama, Thriller"
155. Finding Nemo,2003,1h 40m,G,8.2, (1.2M),Andrew Stanton,"After his son is captured in the Great Barrier Reef and taken to Sydney, a timid clownfish sets out on a journey to bring him home.","Animal Adventure, Buddy Comedy, Computer Animation, Quest, Sea Adventure, Adventure, Animation, Comedy, Family"
156. The Great Escape,1963,2h 52m,Approved,8.2, (267K),John Sturges,"Allied officers in a German prisoner of war camp during World War II making a daring plan for a mass escape by hundreds of their men, hoping to draw German personnel and resources away from combat operations.","Period Drama, Prison Drama, War Epic, Adventure, Drama, Thriller, War"
157. Howl's Moving Castle,2004,1h 59m,PG,8.2, (480K),Hayao Miyazaki,"When an unconfident young woman is cursed with an old body by a spiteful witch, her only chance of breaking the spell lies with a self-indulgent yet insecure young wizard and his companions in his legged, walking castle.","Adventure Epic, Anime, Hand-Drawn Animation, Supernatural Fantasy, Adventure, Animation, Family, Fantasy"
158. Monty Python and the Holy Grail,1975,1h 31m,PG,8.2, (586K),Terry Gilliam,"King Arthur and his Knights of the Round Table embark on a surreal, low-budget search for the Holy Grail, encountering many, very silly obstacles.","Farce, Parody, Quest, Satire, Sketch Comedy, Slapstick, Sword & Sorcery, Adventure, Comedy, Fantasy"
159. The Elephant Man,1980,2h 4m,PG,8.2, (272K),David Lynch,"A Victorian surgeon rescues a heavily disfigured man who is mistreated while scraping a living as a side-show freak. Behind his monstrous façade, there is revealed a person of kindness, intelligence and sophistication.","Docudrama, Period Drama, Tragedy, Biography, Drama"
160. Dial M for Murder,1954,1h 45m,PG,8.2, (197K),Alfred Hitchcock,"A London playboy plots the perfect murder of his rich, unfaithful Wife.","Crime, Drama, Mystery, Thriller"
161. Gone with the Wind,1939,3h 58m,G,8.2, (345K),Victor Fleming,A sheltered and manipulative Southern belle and a roguish profiteer face off in a turbulent romance as the society around them crumbles with the end of slavery and is rebuilt during the Civil War and Reconstruction periods.,"Costume Drama, Epic, Period Drama, Romantic Epic, Tragic Romance, War Epic, Drama, Romance, War"
162. Rashomon,1950,1h 28m,Not Rated,8.2, (189K),Akira Kurosawa,"The rape of a bride and the murder of her samurai husband are recalled from the perspectives of a bandit, the bride, the samurai's ghost and a woodcutter.","Period Drama, Crime, Drama, Mystery"
163. Klaus,2019,1h 36m,PG,8.2, (213K),Sergio Pablos,"A simple act of kindness always sparks another, even in a frozen, faraway place. When Smeerensburg's new postman, Jesper, befriends toymaker Klaus, their gifts melt an age-old feud and deliver a sleigh full of holiday traditions.","Hand-Drawn Animation, Holiday Animation, Holiday Comedy, Holiday Family, Adventure, Animation, Comedy, Family, Fantasy, Holiday"
164. Chinatown,1974,2h 10m,R,8.1, (364K),Roman Polanski,"A private detective hired to expose an adulterer in 1930s Los Angeles finds himself caught up in a web of deceit, corruption, and murder.","Conspiracy Thriller, Hard-boiled Detective, Psychological Drama, Psychological Thriller, Tragedy, Drama, Mystery, Thriller"
165. The Secret in Their Eyes,2009,2h 9m,R,8.2, (232K),Juan José Campanella,A retired legal counselor writes a novel hoping to find closure for one of his past unresolved homicide cases and for his unreciprocated love with his superior - both of which still haunt him decades later.,"Dark Romance, Erotic Thriller, Legal Thriller, Period Drama, Psychological Drama, Psychological Thriller, Suspense Mystery, Tragedy, Whodunnit, Drama"
"166. Lock, Stock and Two Smoking Barrels",1998,1h 47m,R,8.1, (633K),Guy Ritchie,"When four small-time criminals lose a rigged poker game against a London kingpin, he gives them one week to settle their enormous debt.","Farce, Comedy, Crime"
167. V for Vendetta,2005,2h 12m,R,8.1, (1.2M),James McTeigue,"In a future British dystopian society, a shadowy freedom fighter, known only by the alias of ""V"", plots to overthrow the tyrannical government - with the help of a young woman.","Dystopian Sci-Fi, Political Thriller, Superhero, Action, Drama, Sci-Fi, Thriller"
168. Inside Out,2015,1h 35m,PG,8.1, (862K),Pete Docter,"After young Riley is uprooted from her Midwest life and moved to San Francisco, her emotions - Joy, Fear, Anger, Disgust and Sadness - conflict on how best to navigate a new city, house, and school.","Coming-of-Age, Computer Animation, Adventure, Animation, Comedy, Drama, Family, Fantasy"
"169. Three Billboards Outside Ebbing, Missouri",2017,1h 55m,R,8.1, (580K),Martin McDonagh,A mother personally challenges the local authorities to solve her daughter's murder when they fail to catch the culprit.,"Dark Comedy, Satire, Comedy, Crime, Drama"
170. The Wild Robot,2024,1h 42m,PG,8.2, (157K),Chris Sanders,"After a shipwreck, an intelligent robot called Roz is stranded on an uninhabited island. To survive the harsh environment, Roz bonds with the island's animals and cares for an orphaned baby goose.","Artificial Intelligence, Computer Animation, Survival, Animation, Sci-Fi"
171. The Bridge on the River Kwai,1957,2h 41m,PG,8.1, (241K),David Lean,"British POWs are forced to build a railway bridge across the river Kwai for their Japanese captors in occupied Burma, not knowing that the allied forces are planning a daring commando raid through the jungle to destroy it.","Jungle Adventure, War Epic, Adventure, Drama, War"
172. Trainspotting,1996,1h 33m,R,8.1, (747K),Danny Boyle,"Renton, deeply immersed in the Edinburgh drug scene, tries to clean up and get out despite the allure of drugs and the influence of friends.","Dark Comedy, Psychological Drama, Drama"
173. Catch Me If You Can,2002,2h 21m,PG-13,8.1, (1.2M),Steven Spielberg,"Barely 17 yet, Frank is a skilled forger who has passed as a doctor, lawyer and pilot. FBI agent Carl becomes obsessed with tracking down the con man, who only revels in the pursuit.","Caper, Coming-of-Age, Docudrama, Globetrotting Adventure, Period Drama, True Crime, Biography, Crime, Drama"
174. Raging Bull,1980,2h 9m,R,8.1, (394K),Martin Scorsese,"The life of boxer Jake LaMotta, whose violence and temper that led him to the top in the ring destroyed his life outside of it.","Boxing, Docudrama, Period Drama, Biography, Drama, Sport"
175. Fargo,1996,1h 38m,R,8.1, (753K),Joel Coen,Minnesota car salesman Jerry Lundegaard's inept crime falls apart due to his and his henchmen's bungling and the persistent police work of the quite pregnant Marge Gunderson.,"Cop Drama, Dark Comedy, Police Procedural, Tragedy, Crime, Drama, Thriller"
176. Warrior,2011,2h 20m,PG-13,8.1, (512K),Gavin O'Connor,"The youngest son of an alcoholic former boxer returns home, where he's trained by his father for competition in a mixed martial arts tournament - a path that puts the fighter on a collision course with his estranged, older brother.","Boxing, Action, Drama, Sport"
177. Harry Potter and the Deathly Hallows: Part 2,2011,2h 10m,PG-13,8.1, (992K),David Yates,"As the battle between the forces of good and evil in the wizarding world escalates, Harry Potter draws ever closer to his final confrontation with Voldemort.","Dark Fantasy, Fantasy Epic, Teen Adventure, Teen Fantasy, Adventure, Family, Fantasy, Mystery"
178. Gran Torino,2008,1h 56m,R,8.1, (837K),Clint Eastwood,"After a Hmong teenager tries to steal his prized 1972 Gran Torino, a disgruntled, prejudiced Korean War veteran seeks to redeem both the boy and himself.",Drama
179. Million Dollar Baby,2004,2h 12m,PG-13,8.1, (744K),Clint Eastwood,"Frankie, an ill-tempered old coach, reluctantly agrees to train aspiring boxer Maggie. Impressed with her determination and talent, he helps her become the best and the two soon form a close bond.","Boxing, Tragedy, Drama, Sport"
180. My Neighbor Totoro,1988,1h 26m,G,8.1, (404K),Hayao Miyazaki,"When two girls move to the country to be near their ailing mother, they have adventures with the wondrous forest spirits who live nearby.","Anime, Hand-Drawn Animation, Iyashikei, Animation, Comedy, Family, Fantasy"
181. Mad Max: Fury Road,2015,2h,R,8.1, (1.2M),George Miller,"In a post-apocalyptic wasteland, a woman rebels against a tyrannical ruler in search for her homeland with the aid of a group of female prisoners, a psychotic worshipper and a drifter named Max.","Action Epic, Adventure Epic, Car Action, Desert Adventure, Dystopian Sci-Fi, Epic, Quest, Road Trip, Action, Adventure"
182. Spider-Man: No Way Home,2021,2h 28m,PG-13,8.2, (943K),Jon Watts,"With Spider-Man's identity now revealed, Peter asks Doctor Strange for help. When a spell goes wrong, dangerous foes from other worlds start to appear.","Superhero, Supernatural Fantasy, Urban Adventure, Action, Adventure, Fantasy, Sci-Fi"
183. Ben-Hur,1959,3h 32m,G,8.1, (262K),William Wyler,"A Jewish prince is betrayed and sent into slavery by a Roman friend in 1st-century Jerusalem, but it's not long before he regains his freedom and comes back for revenge.","Adventure Epic, Epic, Period Drama, Sword & Sandal, Adventure, Drama"
184. Children of Heaven,1997,1h 29m,PG,8.2, (85K),Majid Majidi,"After a boy loses his sister's pair of shoes, he goes on a series of adventures in order to find them. When he can't, he tries a new way to ""win"" a new pair.","Drama, Family, Sport"
185. Barry Lyndon,1975,3h 5m,PG,8.1, (192K),Stanley Kubrick,An Irish rogue wins the heart of a rich widow and assumes her dead husband's aristocratic position in 18th-century England.,"Costume Drama, Dark Comedy, Epic, Period Drama, Adventure, Drama, War"
186. Dead Poets Society,1989,2h 8m,PG,8.1, (587K),Peter Weir,"Maverick teacher John Keating returns in 1959 to the prestigious New England boys' boarding school where he was once a star student, using poetry to embolden his pupils to new heights of self-expression.","Coming-of-Age, Teen Drama, Comedy, Drama"
187. 12 Years a Slave,2013,2h 14m,R,8.1, (762K),Steve McQueen,"In the antebellum United States, Solomon Northup, a free black man from upstate New York, is abducted and sold into slavery.","Costume Drama, Docudrama, Epic, Period Drama, Tragedy, Biography, Drama, History"
188. Before Sunrise,1995,1h 41m,R,8.1, (357K),Richard Linklater,"A young man and woman meet on a train in Europe, and wind up spending one evening together in Vienna. Unfortunately, both know that this will probably be their only night together.","Comedy, Drama, Romance"
189. The Grand Budapest Hotel,2014,1h 39m,R,8.1, (922K),Wes Anderson,"A writer encounters the owner of an aging high-class hotel, who tells him of his early years serving as a lobby boy in the hotel's glorious years under an exceptional concierge.","Quirky Comedy, Comedy, Drama"
190. Blade Runner,1982,1h 57m,R,8.1, (851K),Ridley Scott,A blade runner must pursue and terminate four replicants who stole a ship in space and have returned to Earth to find their creator.,"Artificial Intelligence, Cyber Thriller, Cyberpunk, Dystopian Sci-Fi, Action, Drama, Sci-Fi, Thriller"
191. Hacksaw Ridge,2016,2h 19m,R,8.1, (633K),Mel Gibson,"World War II American Army Medic Desmond T. Doss, serving during the Battle of Okinawa, refuses to kill people and becomes the first man in American history to receive the Medal of Honor without firing a shot.","Docudrama, Epic, Period Drama, War Epic, Biography, Drama, History, War"
192. I'm Still Here,2024,2h 17m,PG-13,8.3, (100K),Walter Salles,A woman married to a former politician during the military dictatorship in Brazil is forced to reinvent herself and chart a new course for her family after a violent and arbitrary act.,"Docudrama, Period Drama, Political Drama, Biography, Drama, History"
193. Gone Girl,2014,2h 29m,R,8.1, (1.1M),David Fincher,The husband of a missing woman becomes the chief suspect in her disappearance.,"Erotic Thriller, Psychological Drama, Psychological Thriller, Suspense Mystery, Tragedy, Whodunnit, Drama, Mystery, Thriller"
194. Memories of Murder,2003,2h 12m,Not Rated,8.1, (238K),Bong Joon Ho,"In a small Korean province in 1986, two detectives struggle with the case of multiple young women being found raped and murdered by an unknown culprit.","Dark Comedy, Korean Drama, Police Procedural, Serial Killer, True Crime, Crime, Drama, Mystery, Thriller"
195. In the Name of the Father,1993,2h 13m,R,8.1, (195K),Jim Sheridan,"An Irish man's coerced confession to an I.R.A. bombing he did not commit results in the imprisonment of his father as well. Meanwhile, a British lawyer fights to clear their names and free them.","Docudrama, Legal Drama, Period Drama, Prison Drama, Tragedy, True Crime, Biography, Crime, Drama"
196. Ratatouille,2007,1h 51m,G,8.1, (879K),Brad Bird,A rat who can cook makes an unusual alliance with a young kitchen worker at a famous Paris restaurant.,"Animal Adventure, Computer Animation, Satire, Adventure, Animation, Comedy, Family, Fantasy"
"197. Monsters, Inc.",2001,1h 32m,G,8.1, (1M),Pete Docter,"In order to power the city, monsters have to scare children so that they scream. However, the children are toxic to the monsters, and after a child gets through, two monsters realize things may not be what they think.","Buddy Comedy, Computer Animation, Satire, Slapstick, Supernatural Fantasy, Urban Adventure, Adventure, Animation, Comedy, Family"
198. The Gold Rush,1925,1h 35m,Approved,8.1, (123K),Charles Chaplin,"A prospector goes to the Klondike during the 1890s gold rush in hopes of making his fortune, and is smitten with a girl he sees in a dance hall.","Farce, Feel-Good Romance, Romantic Comedy, Slapstick, Adventure, Comedy, Drama, Romance, Western"
199. Wild Tales,2014,2h 2m,R,8.1, (227K),Damián Szifron,Six short stories that explore the extremities of human behavior involving people in distress.,"Dark Comedy, Comedy, Drama, Thriller"
200. How to Train Your Dragon,2010,1h 38m,PG,8.1, (839K),Dean DeBlois,"A hapless young Viking who aspires to hunt dragons becomes the unlikely friend of a young dragon himself, and learns there may be more to the creatures than he assumed.","Computer Animation, Sword & Sorcery, Teen Fantasy, Action, Adventure, Animation, Family, Fantasy"
201. Sherlock Jr.,1924,45m,Passed,8.2, (61K),Buster Keaton,"A film projectionist longs to be a detective, and puts his meagre skills to work when he is framed by a rival for stealing his girlfriend's father's pocketwatch.","Bumbling Detective, Farce, Feel-Good Romance, Slapstick, Action, Comedy, Romance"
202. Jaws,1975,2h 4m,PG,8.1, (691K),Steven Spielberg,"When a massive killer shark unleashes chaos on a beach community off Long Island, it's up to a local sheriff, a marine biologist, and an old seafarer to hunt the beast down.","Monster Horror, Sea Adventure, Survival, Adventure, Drama, Horror, Thriller"
203. Mary and Max,2009,1h 32m,Not Rated,8.1, (195K),Adam Elliot,"In 1976 Melbourne, a lonely 8-year-old girl strikes up a correspondence with an unlikely pen pal: a severely obese 44-year-old New Yorker with Asperger's syndrome.","Adult Animation, Coming-of-Age, Dark Comedy, Stop Motion Animation, Animation, Comedy, Drama"
204. The Deer Hunter,1978,3h 3m,R,8.1, (374K),Michael Cimino,An in-depth examination of the ways in which the Vietnam War impacts and disrupts the lives of several friends in a small steel mill town in Pennsylvania.,"Epic, War Epic, Drama, War"
205. The General,1926,1h 18m,Passed,8.1, (102K),Clyde Bruckman,"After being rejected by the Confederate military, not realizing it was due to his crucial civilian role, an engineer must single-handedly recapture his beloved locomotive after it is seized by Union spies and return it through enemy lines.","Farce, Slapstick, Action, Adventure, Comedy, Drama, War"
206. Ford v Ferrari,2019,2h 32m,PG-13,8.1, (518K),James Mangold,American car designer Carroll Shelby and driver Ken Miles battle corporate interference and the laws of physics to build a revolutionary race car for Ford in order to defeat Ferrari at the 24 Hours of Le Mans in 1966.,"Docudrama, Motorsport, Period Drama, Action, Biography, Drama, Sport"
207. The Wages of Fear,1953,2h 36m,Not Rated,8.1, (70K),Henri-Georges Clouzot,"In a decrepit South American village, four men are hired to transport an urgent nitroglycerine shipment without the equipment that would make it safe.","Psychological Drama, Survival, Adventure, Drama, Thriller"
208. On the Waterfront,1954,1h 48m,Approved,8.1, (172K),Elia Kazan,"An ex-prize fighter turned New Jersey longshoreman struggles to stand up to his corrupt union bosses, including his older brother, as he starts to connect with the grieving sister of one of the syndicate's victims.","Legal Drama, Legal Thriller, Crime, Drama, Thriller"
209. Mr. Smith Goes to Washington,1939,2h 9m,Approved,8.1, (125K),Frank Capra,"A naive youth leader is appointed to fill a vacancy in the U.S. Senate. His idealistic plans promptly collide with corruption at home and subterfuge from his hero in Washington, but he tries to forge ahead despite attacks on his character.","Political Drama, Comedy, Drama"
210. Wild Strawberries,1957,1h 32m,Not Rated,8.1, (120K),Ingmar Bergman,"After living a life marked by coldness, an aging professor is forced to confront the emptiness of his existence.","Psychological Drama, Drama, Romance"
211. Logan,2017,2h 17m,R,8.1, (885K),James Mangold,"In a future where mutants are nearly extinct, an elderly and weary Logan leads a quiet life. But when Laura, a mutant child pursued by scientists, comes to him for help, he must get her to safety.","Dystopian Sci-Fi, Road Trip, Superhero, Action, Drama, Sci-Fi, Thriller"
212. Rocky,1976,2h,PG,8.1, (657K),John G. Avildsen,A small-time Philadelphia boxer gets a supremely rare chance to fight the world heavyweight champion in a bout in which he strives to go the distance for his self-respect.,"Boxing, Drama, Sport"
213. The Third Man,1949,1h 44m,Approved,8.1, (189K),Carol Reed,"Pulp novelist Holly Martins travels to shadowy, postwar Vienna, only to find himself investigating the mysterious death of an old friend, Harry Lime.","Film Noir, Hard-boiled Detective, Whodunnit, Drama, Mystery, Thriller"
214. Tokyo Story,1953,2h 17m,Not Rated,8.1, (73K),Yasujirô Ozu,"An old couple visit their children and grandchildren in the city, but receive little attention.","Psychological Drama, Drama"
215. Maharaja,2024,2h 21m,Not Found,8.4, (66K),Nithilan Saminathan,"A barber seeks vengeance after his home is burglarized, cryptically telling police his ""lakshmi"" has been taken, leaving them uncertain if it's a person or object. His quest to recover the elusive ""lakshmi"" unfolds.","One-Person Army Action, Action, Crime, Drama, Thriller"
216. The Big Lebowski,1998,1h 57m,R,8.1, (887K),Joel Coen,"Jeff ""The Dude"" Lebowski, mistaken for a millionaire of the same name, seeks restitution for his ruined rug and enlists his bowling buddies to help get it.","Buddy Comedy, Drug Crime, Satire, Stoner Comedy, Comedy, Crime"
217. Spotlight,2015,2h 9m,R,8.1, (517K),Tom McCarthy,"The true story of how the Boston Globe uncovered the massive scandal of child molestation and cover-up within the local Catholic Archdiocese, shaking the entire Catholic Church to its core.","Docudrama, Legal Drama, Period Drama, True Crime, Workplace Drama, Biography, Crime, Drama"
218. The Terminator,1984,1h 47m,R,8.1, (960K),James Cameron,A cyborg assassin from the future attempts to find and kill a young woman who is destined to give birth to a warrior that will lead a resistance to save humankind from extinction.,"Artificial Intelligence, Cyberpunk, Dystopian Sci-Fi, Time Travel, Urban Adventure, Action, Adventure, Sci-Fi"
219. The Seventh Seal,1957,1h 36m,Not Rated,8.1, (207K),Ingmar Bergman,"A knight returning to Sweden after the Crusades seeks answers about life, death, and the existence of God as he plays chess against the Grim Reaper during the Black Plague.","Psychological Drama, Drama, Fantasy"
220. Room,2015,1h 58m,R,8.1, (466K),Lenny Abrahamson,"A little boy is held captive in a room with his mother since his birth, so he has never known the world outside.","Psychological Drama, Drama, Thriller"
221. Pirates of the Caribbean: The Curse of the Black Pearl,2003,2h 23m,PG-13,8.1, (1.3M),Gore Verbinski,"Blacksmith Will Turner teams up with eccentric pirate ""Captain"" Jack Sparrow to save Elizabeth Swann, the governor's daughter and his love, from Jack's former pirate allies, who are now undead.","Sea Adventure, Supernatural Fantasy, Swashbuckler, Sword & Sandal, Action, Adventure, Fantasy"
222. La haine,1995,1h 38m,Not Rated,8.1, (210K),Mathieu Kassovitz,24 hours in the lives of three young men in the French suburbs the day after a violent riot.,"Gangster, Psychological Drama, Crime, Drama"
223. Hotel Rwanda,2004,2h 1m,PG-13,8.1, (383K),Terry George,"Paul Rusesabagina, a hotel manager, houses over a thousand Tutsi refugees during their struggle against the Hutu militia in Rwanda, Africa.","Docudrama, Epic, Biography, Drama, History, War"
224. Jai Bhim,2021,2h 44m,Approved,8.7, (225K),T.J. Gnanavel,"When a tribal man is arrested for a case of alleged theft, his wife turns to a human-rights lawyer to help bring justice.","Legal Drama, Crime, Drama"
225. Platoon,1986,2h,R,8.1, (454K),Oliver Stone,"Chris Taylor, a neophyte recruit in Vietnam, finds himself caught in a battle of wills between two sergeants, one good and the other evil. A shrewd examination of the brutality of war and the duality of man in conflict.","Drama, War"
226. The Best Years of Our Lives,1946,2h 50m,Approved,8.1, (74K),William Wyler,"Three World War II veterans, two of them traumatized or disabled, return home to the American midwest to discover that they and their families have been irreparably changed.","Epic, Feel-Good Romance, Drama, Romance, War"
227. Before Sunset,2004,1h 20m,R,8.1, (301K),Richard Linklater,"Nine years after Jesse and Celine first met, they encounter each other again on the French leg of Jesse's book tour.","Feel-Good Romance, Drama, Romance"
228. The Exorcist,1973,2h 2m,R,8.1, (476K),William Friedkin,"When a mysterious entity possesses a young girl, her mother seeks the help of two Catholic priests to save her life.","Body Horror, Supernatural Horror, Horror"
229. The Passion of Joan of Arc,1928,1h 54m,Passed,8.1, (64K),Carl Theodor Dreyer,"In 1431, Jeanne d'Arc is placed on trial on charges of heresy. The ecclesiastical jurists attempt to force Jeanne to recant her claims of holy visions.","Legal Drama, Period Drama, Psychological Drama, Tragedy, Biography, Drama, History"
230. The Wizard of Oz,1939,1h 42m,G,8.1, (449K),Victor Fleming,"Young Dorothy Gale and her dog Toto are swept away by a tornado from their Kansas farm to the magical Land of Oz and embark on a quest with three new friends to see the Wizard, who can return her to her home and fulfill the others' wishes.","Adventure Epic, Classic Musical, Fairy Tale, Fantasy Epic, Quest, Adventure, Family, Fantasy, Musical"
231. The Incredibles,2004,1h 55m,PG,8.0, (850K),Brad Bird,"While trying to lead a quiet suburban life, a family of undercover superheroes are forced into action to save the world.","Computer Animation, Superhero, Urban Adventure, Action, Adventure, Animation, Family"
232. The Sound of Music,1965,2h 52m,G,8.1, (275K),Robert Wise,A young novice is sent by her convent in 1930s Austria to become a governess to the seven children of a widowed naval officer.,"Classic Musical, Epic, Period Drama, Biography, Drama, Family, Musical, Romance"
233. Rush,2013,2h 3m,R,8.1, (532K),Ron Howard,"James Hunt and Niki Lauda, two extremely skilled Formula One racers, have an intense rivalry with each other. However, it is their enmity that pushes them to their limits.","Docudrama, Motorsport, Period Drama, Biography, Drama, Sport"
234. Hachi: A Dog's Tale,2009,1h 33m,G,8.1, (326K),Lasse Hallström,"Professor Wilson discovers a lost Akita puppy on his way home. Despite objections from his wife, Hachi endears himself to the family and grows to be Parker's loyal companion. As their bond grows deeper, a beautiful relationship unfolds.","Animal Adventure, Biography, Drama, Family"
235. Stand by Me,1986,1h 29m,R,8.1, (462K),Rob Reiner,A writer recounts a childhood journey with his friends to find the body of a missing boy.,"Coming-of-Age, Dark Comedy, Quest, Adventure, Comedy, Drama"
236. Network,1976,2h 1m,R,8.1, (178K),Sidney Lumet,"A television network cynically exploits a deranged former anchor's ravings and revelations about mass media for its own profit, but finds that his message may be difficult to control.","Dark Comedy, Workplace Drama, Drama"
237. My Father and My Son,2005,1h 52m,Not Rated,8.2, (97K),Çagan Irmak,The family of a left-wing journalist is torn apart after the military coup of Turkey in 1980.,"Drama, Family"
238. The Handmaiden,2016,2h 25m,Not Rated,8.1, (187K),Park Chan-wook,"In 1930s Korea, a girl is hired as a handmaiden to a Japanese heiress who lives a secluded life on a countryside estate. But the maid has a secret: She is a pickpocket recruited by a swindler to help seduce the Lady and steal her fortune.","Dark Romance, Erotic Thriller, Psychological Thriller, Steamy Romance, Drama, Romance, Thriller"
239. The Iron Giant,1999,1h 26m,PG,8.1, (243K),Brad Bird,A young boy befriends a giant robot from outer space that a paranoid government agent wants to destroy.,"Alien Invasion, Artificial Intelligence, Hand-Drawn Animation, High-Concept Comedy, Kaiju, Space Sci-Fi, Action, Adventure, Animation, Comedy"
240. To Be or Not to Be,1942,1h 39m,Approved,8.1, (47K),Ernst Lubitsch,"During the German occupation of Poland, an acting troupe becomes embroiled in a Polish soldier's efforts to track down a German spy.","Screwball Comedy, Comedy, Romance, War"
241. The Battle of Algiers,1966,2h 1m,Not Rated,8.1, (71K),Gillo Pontecorvo,"In the 1950s, fear and violence escalate as the people of Algiers fight for independence from the French government.","Docudrama, Political Drama, Drama, War"
242. Demon Slayer: Kimetsu no Yaiba - Tsuzumi Mansion Arc,2021,1h 27m,Not Found,8.5, (31K),Haruo Sotozaki,Tanjiro ventures to the south-southeast where he encounters a cowardly young man named Zenitsu Agatsuma. He is a fellow survivor from Final Selection and his sparrow asks Tanjiro to help keep him in line.,"Anime, Action, Animation, Fantasy"
Not Found,2007,2h 28m,R,8.1, (677K),,,
244. The Grapes of Wrath,1940,2h 9m,Approved,8.1, (104K),John Ford,"An Oklahoma family, driven off their farm by the poverty and hopelessness of the Dust Bowl, joins the westward migration to California, suffering the misfortunes of the homeless in the Great Depression.","Period Drama, Tragedy, Drama"
245. A Silent Voice: The Movie,2016,2h 10m,Not Rated,8.1, (118K),Naoko Yamada,"A deaf girl, Shoko, is bullied by the popular Shoya. As Shoya continues to bully Shoko, the class turns its back on him. Shoko transfers and Shoya grows up as an outcast. Alone and depressed, the regretful Shoya finds Shoko to make amends.","Anime, Coming-of-Age, Psychological Drama, Shōnen, Slice of Life, Animation, Drama"
246. Groundhog Day,1993,1h 41m,PG,8.0, (714K),Harold Ramis,"A narcissistic, self-centered weatherman finds himself in a time loop on Groundhog Day.","Feel-Good Romance, High-Concept Comedy, Holiday Comedy, Holiday Romance, Romantic Comedy, Comedy, Drama, Fantasy, Romance"
247. The Help,2011,2h 26m,PG-13,8.1, (511K),Tate Taylor,"An aspiring author during the civil rights movement of the 1960s decides to write a book detailing the African American maids' point of view on the white families for which they work, and the hardships they go through on a daily basis.","Period Drama, Drama"
Not Found,Not Found,Not Found,Not Found,Not Found,Not Found,,,
Not Found,Not Found,Not Found,Not Found,Not Found,Not Found,,,
Not Found,Not Found,Not Found,Not Found,Not Found,Not Found,,,
